source_file,window_id,window_start,window_end,label,mean_rr_ms,median_rr_ms,sdnn_ms,rmssd_ms,pnn50,heart_rate_bpm,n_peaks,duration_sec,peak_rate_per_sec,rr_valid_ratio,voltage_mean,voltage_std,voltage_min,voltage_max,voltage_skew,voltage_kurtosis,lf_power,hf_power,lf_hf_ratio,total_power
balanced_interleaved.csv,0,0.0,256.0,3,603.2760908018868,605.46875,41.774920003000624,23.77672651664896,4.491725768321513,99.45695000152715,425,255.99609375,1.6601815823605708,1.0,0.18091938664948107,0.22346006024614073,-0.25076704734961586,1.0722312636893703,1.304152150515458,2.8442059223176486,2551.1920677388052,729.7419877550097,3.4960192924999896,3280.96079394986
balanced_interleaved.csv,1,256.0,512.0,2,741.0030976676385,742.1875,75.47724068214492,57.86777661554587,32.16374269005848,80.97132142747364,344,255.99609375,1.3437705043106738,1.0,0.2133342032320528,0.2057693720824835,-0.2055879286595274,1.0512485357392134,1.2824071664541525,2.9149922219390536,5928.295253109821,2248.304543714302,2.6367848028790646,8181.828572521275
balanced_interleaved.csv,2,512.0,768.0,3,732.5729763610315,734.375,72.29466053800691,50.905865693646504,29.597701149425287,81.90310308475043,350,255.99609375,1.3672083619439994,1.0,0.20710326015086422,0.2079592960185595,-0.21731241757006448,1.0539411434546737,1.2683320130019649,2.8623541478004446,7077.249096169384,2197.629751417576,3.220401021420565,9277.802237419854
balanced_interleaved.csv,3,768.0,1024.0,3,655.9085796915167,652.34375,76.66797034671733,37.7528941064141,19.072164948453608,91.47616277289568,391,255.99609375,1.527367055771725,0.9974358974358974,0.18914798740755095,0.21633483715977272,-0.23794819178868254,1.0557693138017512,1.2829826160363555,2.814802562933445,4193.218645966226,1663.4562047799484,2.520786921781887,5859.39417951701
balanced_interleaved.csv,4,1024.0,1280.0,3,629.832175925926,628.90625,58.68754239182039,52.71324235075113,13.118811881188119,95.26347222860292,406,255.99609375,1.5859616998550392,1.0,0.19303885280049032,0.21925944696948657,-0.2374151461370405,1.0670167922518814,1.2863910346108893,2.8098000536064207,3519.564090017994,1820.4630974165505,1.9333344878084409,5347.303440391071
balanced_interleaved.csv,5,1280.0,1536.0,1,647.961611675127,636.71875,77.87216370062671,44.215253803332736,22.391857506361323,92.59807821776117,395,255.99609375,1.5429922941939422,1.0,0.21351585513806476,0.214996157386942,-0.22086752376794533,1.0749280807134487,1.2585425673306272,2.801683025691723,4409.330529642266,2397.6130068706684,1.8390501373686088,6813.465699431578
balanced_interleaved.csv,6,1536.0,1792.0,0,675.3058862433862,669.921875,75.74510520724351,53.395945512379264,29.708222811671085,88.84862581869376,379,255.99609375,1.4804913405050737,1.0,0.23559674763671415,0.20959999252761732,-0.19303750969459813,1.063348722156326,1.1796757055817677,2.5545567496184605,4836.759348576431,3572.3118219976263,1.3539577700895464,8412.309466199249
balanced_interleaved.csv,7,1792.0,2048.0,0,803.9974369085173,796.875,91.3706236334659,96.56780691988843,50.31645569620253,74.62710357723078,318,255.99609375,1.2422064545662623,1.0,0.23399605545445365,0.20551682053570566,-0.19704402255520878,1.0584405866776874,1.1629350468153692,2.5752877013937345,6814.459356772211,6293.416252040443,1.082791775383177,13133.888823928683
balanced_interleaved.csv,8,2048.0,2304.0,2,679.0018284574468,667.96875,81.32368826295014,55.224299971042335,22.933333333333334,88.36500504911412,377,255.99609375,1.4726787212939652,1.0,0.21370822341427761,0.20958268494648782,-0.20445739400426355,1.0544123138954686,1.2567021250384474,2.766680399677031,5025.747501905832,2788.581593950084,1.802259439999658,7821.712484828438
balanced_interleaved.csv,9,2304.0,2560.0,3,611.2253289473684,609.375,66.523298672183,53.09043919189339,14.86810551558753,98.16347124117053,419,255.99609375,1.636743724727245,1.0,0.1877750299000535,0.220441013692857,-0.2470821568900406,1.064455197440002,1.2748067578696725,2.7658898281231634,4301.07726657199,1965.5217794643138,2.188262328868323,6301.69385343616
balanced_interleaved.csv,10,2560.0,2816.0,3,664.6321614583334,650.390625,90.58540688061626,46.2981773048198,22.715404699738905,90.27549895922616,385,255.99609375,1.5039291981383993,1.0,0.18855897278958045,0.2159763507193827,-0.24823492383176876,1.0568038502227954,1.2636167536909364,2.8154327482202417,5510.674666912704,1798.7995899198263,3.063528976653991,7309.716723643613
balanced_interleaved.csv,11,2816.0,3072.0,2,708.3297264542937,707.03125,78.87017415307417,54.16064106609249,31.944444444444443,84.70631368295626,362,255.99609375,1.4140840772106509,1.0,0.2001868902201488,0.21182589975955704,-0.22604587255778574,1.0504333736275246,1.252467625174387,2.7602190099878277,4902.706438845048,2632.4235773872692,1.8624306821135062,7539.835736360801
balanced_interleaved.csv,12,3072.0,3328.0,1,645.4091698232323,644.53125,62.294149444718045,56.152327626235994,20.759493670886076,92.96428189335005,397,255.99609375,1.5508049134050508,1.0,0.2026508239621744,0.21589565059195995,-0.222503976074152,1.0609867692180543,1.2678719744001756,2.7716761175869093,3761.65376325388,2379.545971444963,1.5808283632232754,6168.875411515176
balanced_interleaved.csv,13,3328.0,3584.0,1,624.1404339853301,621.09375,51.56042396469446,34.197463427331336,16.911764705882355,96.13221117061974,410,255.99609375,1.6015869382772565,1.0,0.1953363871370748,0.21801441557012244,-0.23912825716620087,1.0561995679154188,1.23772036186089,2.6630109856309163,3074.9073480148186,1698.339896253093,1.8105370749393173,4775.860418279145
balanced_interleaved.csv,14,3584.0,3840.0,0,780.6885512232416,781.25,95.09492024988462,81.4629723570553,49.693251533742334,76.85523235352623,328,255.99609375,1.2812695506218053,1.0,0.21791879708651796,0.20667407465467202,-0.2176135936947448,1.0457373260893528,1.1531674808202343,2.5477335771266834,6972.714444631253,5857.739590940873,1.1903421680633794,12850.099615809266
balanced_interleaved.csv,15,3840.0,4096.0,2,641.6359139447236,628.90625,79.34305695848039,62.585114529179464,17.632241813602015,93.51097514340344,399,255.99609375,1.5586175326161593,1.0,0.2061627647213213,0.21394657619775684,-0.21957743139337388,1.0632623545625828,1.276491266733211,2.811543066201647,4474.196482184067,2750.4740429996054,1.6267001295909733,7318.321712153038
balanced_interleaved.csv,16,4096.0,4352.0,0,693.0833899456521,687.5,85.58654725195038,62.86051453846605,31.88010899182561,86.5696694949,369,255.99609375,1.4414282444495308,1.0,0.22713889151538807,0.20946170709895015,-0.21178098783877106,1.0630792721632218,1.1890328234482466,2.6465664349350666,5948.593449834276,3180.886319393781,1.870105641174869,9136.857436219969
balanced_interleaved.csv,17,4352.0,4608.0,0,672.8747526385224,664.0625,89.56163250239307,77.0377909522919,34.65608465608466,89.1696408056981,380,255.99609375,1.484397650110628,1.0,0.22772550747158077,0.21402528010701066,-0.2091579296698334,1.0729308288151993,1.1676160298511586,2.5044941992717753,4788.179743251601,4473.302975614524,1.0703902171065935,9264.761356831497
balanced_interleaved.csv,18,4608.0,4864.0,1,646.6574367088608,640.625,61.492380366281694,37.6530295529824,21.065989847715734,92.78482948463066,397,255.99609375,1.5508049134050508,0.9974747474747475,0.20465617322945462,0.21704638720906042,-0.227240985960317,1.0755982819111236,1.283098608236452,2.8382401163665163,3612.6316194735414,1795.6847323745496,2.0118406947172325,5411.82759326756
balanced_interleaved.csv,19,4864.0,5120.0,3,677.1385941644562,675.78125,73.93647551046097,72.73357869447773,15.957446808510639,88.6081527726772,378,255.99609375,1.4765850308995194,1.0,0.19057568252589036,0.21567449771279706,-0.23776267347307592,1.0598245800490451,1.2968526564686977,2.910737522882741,4941.581132934665,2632.558836239983,1.8771018770439334,7599.219632972173
balanced_interleaved.csv,20,5120.0,5376.0,2,703.7276170798898,703.125,69.45885395836636,64.13565107505175,25.96685082872928,85.2602605663955,364,255.99609375,1.4218966964217594,1.0,0.20249193397353094,0.2120212878986483,-0.22429704694646627,1.045876372639311,1.2543456746635253,2.7531445856510155,5286.849307559574,2734.236865612906,1.933573997940546,8036.105825552155
balanced_interleaved.csv,21,5376.0,5632.0,3,622.999237804878,621.09375,54.351660677522055,29.98084167738021,9.04645476772616,96.30830402202172,411,255.99609375,1.6054932478828108,1.0,0.17391756245818318,0.22316660522937026,-0.2645312267424017,1.064527553924002,1.3007629593954908,2.8626511074562924,3415.77978502412,1036.0300250920016,3.2969891820662167,4452.509623551143
balanced_interleaved.csv,22,5632.0,5888.0,3,699.8822773972603,703.125,92.08513703686656,44.48677697199792,18.956043956043956,85.7287031515207,366,255.99609375,1.429709315632868,1.0,0.20162279036167893,0.21099752271806274,-0.21817482479306383,1.0604754001617456,1.309818796045959,2.9739290642960157,5995.101569401292,1315.8856764798984,4.555944088880637,7312.854347774761
balanced_interleaved.csv,23,5888.0,6144.0,1,682.6746323529412,677.734375,82.64243692749835,66.93699549837667,25.737265415549597,87.88959946146078,375,255.99609375,1.4648661020828564,1.0,0.2075126561129394,0.21275276487287215,-0.22078627175523718,1.0654654190193984,1.272765920282015,2.8326824376382786,5323.628519912927,2960.1748835871854,1.7984168940254206,8325.472795865635
balanced_interleaved.csv,24,6144.0,6400.0,1,720.8686440677966,707.03125,97.23280726730285,79.98056451222749,41.359773371104815,83.23291697281411,355,255.99609375,1.3867399099717708,1.0,0.23132047524029994,0.20766293912984055,-0.20035009018263747,1.052285547552069,1.1477765818765484,2.4967650100916225,6649.460373673506,4853.477902787565,1.3700403106511374,11563.63551218642
balanced_interleaved.csv,25,6400.0,6656.0,0,757.2445289317508,761.71875,100.6763914783539,89.69172851154228,48.214285714285715,79.2346431140841,338,255.99609375,1.320332646677348,1.0,0.24817632316417731,0.20168399757735214,-0.17860261440953867,1.0472639565721131,1.1332083777350812,2.4639510605069717,6124.940885893632,6418.35625918729,0.9542849662055358,12600.31549350325
balanced_interleaved.csv,26,6656.0,6912.0,0,682.0061831550802,683.59375,72.38976621856965,63.540231686301134,30.563002680965145,87.97574198290913,376,255.99609375,1.4687724116884109,0.9973333333333333,0.2254841482221981,0.2093625026661862,-0.2024063767954279,1.0566945957503282,1.207509337511293,2.6218870933581018,4545.428885803544,3391.3704533815608,1.3402926481450186,7951.8913173783185
balanced_interleaved.csv,27,6912.0,7168.0,2,646.4299841772151,644.53125,51.940455991557755,33.58554084564298,15.228426395939088,92.81747670843086,396,255.99609375,1.5468986037994965,1.0,0.18978004148925529,0.21834410853741748,-0.24296745292198413,1.0629892767961016,1.2757265339899877,2.819465817051336,3467.4285683670446,1394.0438528834072,2.4873167090081836,4864.325605217963
balanced_interleaved.csv,28,7168.0,7424.0,3,638.466796875,640.625,51.645921861295385,32.65803559052099,11.278195488721805,93.97512962877988,401,255.99609375,1.5664301518272679,1.0,0.18618947461899182,0.21810239309558171,-0.2414821988031277,1.0619439168412104,1.3122892787846585,2.898840694669219,3581.4368609659714,1032.0354546641256,3.4702653332113913,4616.785205698265
balanced_interleaved.csv,29,7424.0,7680.0,2,648.2392131979695,648.4375,52.41857883048167,31.836521368008796,13.486005089058525,92.55842407928544,396,255.99609375,1.5468986037994965,0.9974683544303797,0.1885946480849443,0.2168343216306568,-0.23810134085907497,1.0635147630080115,1.3183333612783152,2.938553502994753,3993.736291613237,1087.461728468827,3.672530432161982,5084.846953866849
balanced_interleaved.csv,30,7680.0,7936.0,1,686.6599462365591,679.6875,72.81447531381527,48.03292422182092,31.805929919137466,87.37949596280892,373,255.99609375,1.4570534828717479,1.0,0.21293437680100816,0.21186391776692712,-0.22412063688126066,1.0580837596482142,1.2082177547238617,2.689620490503434,5552.371328054375,2418.2156025577074,2.2960613281056172,7975.0369974852365
balanced_interleaved.csv,31,7936.0,8192.0,1,667.8767179319372,667.96875,67.69870739378865,49.4624358714364,31.23359580052493,89.83693904735658,383,255.99609375,1.4961165789272908,1.0,0.21167902878271538,0.21291947642778467,-0.22344984435160853,1.0539817191684475,1.2102412060962813,2.6221020476799977,4255.734026405177,2764.533940352207,1.5394037903774074,7021.050813281471
balanced_interleaved.csv,32,8192.0,8448.0,1,675.5435681216932,664.0625,88.16634712804355,62.43909706737856,30.238726790450926,88.81736549846262,379,255.99609375,1.4804913405050737,1.0,0.2077107458424068,0.21217747216437308,-0.22680931470989157,1.0495427903287693,1.184599741754592,2.579134693569756,5668.449942975394,3763.39312894592,1.5062072307505798,9443.254235459128
balanced_interleaved.csv,33,8448.0,8704.0,0,749.609375,753.90625,80.85617135841478,65.55247564045298,41.00294985250738,80.04168837936425,342,255.99609375,1.335957885099565,0.9970674486803519,0.23469519696309496,0.20476880003547152,-0.18671969021572218,1.0566972612301746,1.1854207275718793,2.5948775444141905,5357.729444971536,4645.106503934416,1.1534136925458065,10006.11657532011
balanced_interleaved.csv,34,8704.0,8960.0,2,663.9813311688312,660.15625,63.7045914755813,57.56371382028235,19.010416666666664,90.36398643073255,386,255.99609375,1.5078355077439536,1.0,0.19036514015624834,0.21688548073426647,-0.2410212823127257,1.0601904914394373,1.2625295026654857,2.7745528920270166,4492.998886324107,2289.0453519868215,1.9628265042561612,6797.72109293051
balanced_interleaved.csv,35,8960.0,9216.0,0,733.1178160919541,734.375,80.05319163318778,68.00279775096575,38.04034582132565,81.84223419892209,349,255.99609375,1.3633020523384451,1.0,0.21808320921663288,0.20817344537639237,-0.21147553539720418,1.050569429488501,1.2149750347983266,2.6772148174992036,5880.035328271108,3884.7889445680958,1.5136048346958113,9766.916351598029
balanced_interleaved.csv,36,9216.0,9472.0,1,699.2294520547945,691.40625,85.85477852800717,85.19577984108182,28.57142857142857,85.80874250030611,366,255.99609375,1.429709315632868,1.0,0.21970411924770666,0.20946849970586306,-0.20355964218541867,1.059668858632413,1.2401194316347814,2.723106117474182,6159.8174533441115,4243.17961588493,1.4516984928669958,10408.60674734231
balanced_interleaved.csv,37,9472.0,9728.0,1,691.3533197831978,687.5,78.73902413502542,78.89817812781602,31.521739130434785,86.78630489373431,370,255.99609375,1.445334554055085,1.0,0.20351324752637487,0.21195707491023377,-0.22642807820115857,1.0473957877059654,1.2258995000630937,2.670234358317262,6226.331219903556,3618.072085957116,1.720897503416231,9855.191143171727
balanced_interleaved.csv,38,9728.0,9984.0,3,658.3138692010309,656.25,73.50120426538612,57.47306553746635,18.6046511627907,91.14193518787565,389,255.99609375,1.5195544365606164,1.0,0.19649399338563814,0.21446437574214133,-0.23042168655934506,1.0554369213056278,1.2614233561095167,2.761883467792054,4710.838786189399,2295.6248885806167,2.052094316289674,7038.351221192572
balanced_interleaved.csv,39,9984.0,10240.0,2,637.7902899002494,636.71875,61.176110813673354,54.798297359997306,18.25,94.07480946344295,402,255.99609375,1.5703364614328221,1.0,0.19994946557723065,0.2157661896891669,-0.23204725032064297,1.0605245629584554,1.2678943460611058,2.77920618127731,4117.443457241642,2103.093177304968,1.9578036302309658,6251.76261648417
balanced_interleaved.csv,40,10240.0,10496.0,3,639.5676691729324,640.625,56.23073771344508,50.82049363027737,10.804020100502512,93.81337252020573,400,255.99609375,1.5625238422217136,1.0,0.1794809155916029,0.21892291670114106,-0.24610806397860785,1.0499032580082706,1.288093607978387,2.8147230498794853,3728.4730891270087,1513.5176309140602,2.4634487322590806,5257.775148759081
balanced_interleaved.csv,41,10496.0,10752.0,3,582.2892938496583,582.03125,43.121341807894666,29.351820146731693,3.881278538812785,103.04156479217605,440,255.99609375,1.718776226443885,1.0,0.16495351854357895,0.22521630419958405,-0.2647553980023451,1.0603342190383658,1.3151075091081827,2.850253284458936,2418.578331402041,696.717509077725,3.471390197446907,3118.912598080629
balanced_interleaved.csv,42,10752.0,11008.0,1,678.7732712765958,683.59375,61.43804979173639,43.765808155929975,23.733333333333334,88.3947593975756,377,255.99609375,1.4726787212939652,1.0,0.20999516306408603,0.21317293837591048,-0.21485664229861154,1.0708534320715184,1.3004498125687396,2.9080569003868373,4364.697270386834,1879.7548641011076,2.321950246674328,6254.79453219959
balanced_interleaved.csv,43,11008.0,11264.0,0,657.3071037371134,656.25,71.89306349226385,61.472086557319614,25.839793281653744,91.28153287690117,389,255.99609375,1.5195544365606164,1.0,0.21859124776792482,0.2121783755361617,-0.2119877328832111,1.0641367557932984,1.2358386710159368,2.695722727170189,5123.948199321501,2831.2024149025033,1.8098134461706978,7987.638546051233
balanced_interleaved.csv,44,11264.0,11520.0,0,716.8846558988764,703.125,108.11825540730688,76.79658451992547,43.94366197183099,83.69547249517862,357,255.99609375,1.3945525291828793,1.0,0.22579675278030129,0.20892604571105033,-0.21245739348555787,1.052581700852298,1.1402847629673272,2.485920030203232,6947.898746558262,5047.99362475131,1.376368367917769,11998.19652810969
balanced_interleaved.csv,45,11520.0,11776.0,0,734.5545977011494,726.5625,109.16961734882618,72.24987841040222,42.93948126801153,81.68215158924205,350,255.99609375,1.3672083619439994,0.997134670487106,0.22072208459491893,0.20953136594194421,-0.21313910344310585,1.0534761455574475,1.1476466779367682,2.510042479712091,6245.074918307682,5529.274215836842,1.1294565388746063,11784.856749085337
balanced_interleaved.csv,46,11776.0,12032.0,2,655.1654884318766,648.4375,77.78346724701625,62.584888187982365,20.36082474226804,91.57991539451903,390,255.99609375,1.5234607461661707,1.0,0.2050617198937019,0.2139962027483848,-0.2239584715303834,1.0640088749638545,1.2656212857853508,2.8026680642389863,5507.149413304863,2472.880606264843,2.2270179156053653,8003.0618940641925
balanced_interleaved.csv,47,12032.0,12288.0,3,663.7378246753246,664.0625,58.46793004968923,53.63171833104875,14.0625,90.3971384022746,386,255.99609375,1.5078355077439536,1.0,0.19356416961921694,0.21661837229099976,-0.23309674408720618,1.0615165151590271,1.2987832219740547,2.8676416944660374,3989.081605604535,1717.0004570277742,2.3232851157825913,5727.875229026185
balanced_interleaved.csv,48,12288.0,12544.0,2,670.173064304462,671.875,54.23985409219162,36.827509003568174,18.421052631578945,89.52911299452315,383,255.99609375,1.4961165789272908,0.9973821989528796,0.1864819265157643,0.21622351357169817,-0.24457823031364817,1.0554022043705142,1.2733687906348314,2.825608057100987,3719.9664459702826,1631.7596317103705,2.279726973065944,5361.76339146127
balanced_interleaved.csv,49,12544.0,12800.0,1,734.2849423631123,734.375,89.00830651664835,68.93962421934512,29.190751445086704,81.71214815723309,348,255.99609375,1.3593957427328909,1.0,0.20116179103323956,0.20962152733468187,-0.22072117666452248,1.053987951664495,1.2976884390155763,2.9552094268281284,5500.662129968112,2676.305739819431,2.055319034789814,8212.410742391354
balanced_interleaved.csv,50,12800.0,13056.0,1,689.2162230458221,687.5,72.09046906842838,47.66369154350148,28.91891891891892,87.05540872912816,372,255.99609375,1.4531471732661936,1.0,0.2078311394505897,0.21305552732987032,-0.2208665734453189,1.0614322310234205,1.2616559829094454,2.7790666071247365,4355.828430012359,2475.9732761164264,1.759238870641,6845.099659951457
balanced_interleaved.csv,51,13056.0,13312.0,1,673.6580639841688,675.78125,75.86482182599853,53.33435239272424,33.86243386243386,89.06595676320742,380,255.99609375,1.484397650110628,1.0,0.22176997376285837,0.21122362079431853,-0.20713614991596668,1.0590178806564432,1.187362460547858,2.5627181027866053,5040.430326736667,3280.0673884217704,1.5366849914513214,8334.83839268856
balanced_interleaved.csv,52,13312.0,13568.0,0,658.8945413436693,644.53125,89.1419994849461,69.20636113677732,26.683937823834196,91.0616134072735,388,255.99609375,1.5156481269550621,1.0,0.2262706604032838,0.21192448050002646,-0.21036977203701634,1.0584810095858272,1.1708126006159623,2.5085839662533216,5232.393173701636,3816.830392559224,1.3708739020476262,9068.529469831672
balanced_interleaved.csv,53,13568.0,13824.0,2,635.5818563432836,625.0,80.60307400348219,73.73807671010015,19.201995012468828,94.40168784112278,403,255.99609375,1.5742427710383764,1.0,0.20447439936609266,0.21523234633124427,-0.2230053963411229,1.0566895997526045,1.2435213959467954,2.683446572102028,4960.946965579289,3397.4842428312654,1.4601824794469467,8378.321362698198
balanced_interleaved.csv,54,13824.0,14080.0,0,741.8922601744187,742.1875,87.87601739328623,78.18988741219252,41.690962099125365,80.87427679309394,345,255.99609375,1.347676813916228,1.0,0.24520195352198315,0.20240565722566733,-0.17273775405733865,1.0455857201860908,1.158872772644968,2.4897236023045917,5724.874574141102,5047.506952149483,1.1341984525059765,10785.908427408176
balanced_interleaved.csv,55,14080.0,14336.0,1,718.8380281690141,722.65625,74.31156260208746,58.196629773040335,34.18079096045198,83.46803820720058,356,255.99609375,1.390646219577325,1.0,0.21012861460229162,0.21138324940616793,-0.22379287049961336,1.0533253669403626,1.2098283101529324,2.6541871071506096,5418.038594785478,3235.1887378603365,1.6747210236546564,8664.71334557305
balanced_interleaved.csv,56,14336.0,14592.0,3,630.9124228395061,617.1875,74.81662384809884,36.763241293811134,12.871287128712872,95.10036231330164,406,255.99609375,1.5859616998550392,1.0,0.1963260421001795,0.21628058624608304,-0.2299594315238108,1.0585764832000892,1.2783393643734937,2.7970602983760964,4323.803585580442,1458.310275667313,2.9649407658475826,5786.081966954199
balanced_interleaved.csv,57,14592.0,14848.0,2,593.8317587209302,593.75,50.050286613562164,30.621665169449134,9.79020979020979,101.03871865869144,431,255.99609375,1.6836194399938964,1.0,0.18868982414450675,0.21974544487202524,-0.2396581098540778,1.0606126183392812,1.2740207496355238,2.7516144536523814,3323.1344675530004,1131.7225248230395,2.93635091169774,4459.718268230204
balanced_interleaved.csv,58,14848.0,15104.0,2,623.0087652439024,617.1875,62.11693432865309,37.620959949747366,15.892420537897312,96.30683121530487,411,255.99609375,1.6054932478828108,1.0,0.192189004693435,0.21888597190274198,-0.24656135834033557,1.0591727309598635,1.25908746042706,2.744393681689332,3784.3541731683226,1587.151417480385,2.3843687070361654,5376.028380971415
balanced_interleaved.csv,59,15104.0,15360.0,3,642.4649716624685,648.4375,65.75401197524916,53.880782736733465,14.393939393939394,93.39030553641166,398,255.99609375,1.554711223010605,1.0,0.18984191252990437,0.21801973375341813,-0.244926047398979,1.0598705849632784,1.2889924050839097,2.841784655798514,3898.9596265211117,1827.823457500949,2.133116089806549,5759.096935683666
balanced_interleaved.csv,60,15360.0,15616.0,3,623.6852134146342,609.375,80.35422457069171,55.42879740352903,15.158924205378973,96.20237695151386,411,255.99609375,1.6054932478828108,1.0,0.18500917747268253,0.21872834253436646,-0.24395797882872883,1.0551177494551434,1.2680672777430502,2.766685803129694,4880.500586716822,2034.752941894809,2.398571583915238,6937.328119377717
balanced_interleaved.csv,61,15616.0,15872.0,1,660.2574481865284,656.25,68.62656240963038,60.64228775134999,21.038961038961038,90.87364355343021,387,255.99609375,1.5117418173495079,1.0,0.21506061433611506,0.21309448930441777,-0.21572294903650652,1.0609552750015325,1.2347031591294952,2.690391934784012,4498.031057740229,2830.6974493495504,1.5890186564352913,7361.926174644271
balanced_interleaved.csv,62,15872.0,16128.0,0,659.671753875969,656.25,65.2684542867397,45.90268978000997,27.461139896373055,90.95432637135644,388,255.99609375,1.5156481269550621,1.0,0.21344404581805249,0.21399951692566055,-0.22059393404872327,1.0629685925471448,1.2129883624562863,2.6331654851275355,4255.367201957933,2857.6613719911193,1.4891082770219692,7114.412048272536
balanced_interleaved.csv,63,16128.0,16384.0,0,709.8307291666666,710.9375,78.56960774066425,68.50572215158071,33.42618384401114,84.52719435017886,361,255.99609375,1.4101777676050966,1.0,0.23471695522482544,0.20575151825614296,-0.18701511287191822,1.059435443049485,1.2314261650625076,2.725347406180753,5615.531453056596,3481.2464002133383,1.613080720948814,9129.899601073801
balanced_interleaved.csv,64,16384.0,16640.0,2,751.186854719764,742.1875,89.11970502169507,82.98629338409508,44.97041420118343,79.8736021843506,341,255.99609375,1.3320515754940108,0.9970588235294118,0.23104739148551606,0.20699530847641526,-0.20574999982067976,1.0558119999704445,1.158544244154864,2.524474997066573,7193.488228188073,5091.263140417532,1.4129083549191956,12313.453499271998
balanced_interleaved.csv,65,16640.0,16896.0,2,738.4054371387283,738.28125,83.66315072136771,72.40770465565737,37.971014492753625,81.25617307545295,347,255.99609375,1.3554894331273366,1.0,0.21183031689984014,0.20887847816125368,-0.21359481566396543,1.053795838945325,1.2370252602675593,2.7713725645449374,7239.261848706494,3491.1370537395705,2.0736114730735298,10767.912751465388
balanced_interleaved.csv,66,16896.0,17152.0,3,732.5170128939828,734.375,80.63090104014596,69.82031348972662,32.758620689655174,81.90936038871742,350,255.99609375,1.3672083619439994,1.0,0.20475594648012882,0.20876196548306383,-0.21755777935465237,1.0489148770169427,1.2589108614736664,2.8243249391726843,6880.446539779121,2978.2785847237697,2.3102091842819568,9885.060009773902
balanced_interleaved.csv,67,17152.0,17408.0,2,668.6454232283464,671.875,63.90176317466599,38.764281045722704,21.052631578947366,89.73365840195042,383,255.99609375,1.4961165789272908,0.9973821989528796,0.1966087884485492,0.21567105784256813,-0.23731097066793022,1.0563356065555713,1.252017907506851,2.747733906839339,3844.9220320131585,1818.105291983339,2.1147961281267715,5665.783033731717
balanced_interleaved.csv,68,17408.0,17664.0,1,623.8567073170732,621.09375,55.97828798662492,34.89903101948128,16.13691931540342,96.17593158216249,411,255.99609375,1.6054932478828108,1.0,0.19678308385458884,0.2177796535532904,-0.23834550815434286,1.0587648380748902,1.2326285088127922,2.659894425011415,3563.0879000549216,1838.4057842107115,1.9381400617082334,5401.605221540283
balanced_interleaved.csv,69,17664.0,17920.0,1,742.3124091569767,742.1875,78.89297968104412,68.40629572040368,38.48396501457726,80.82850193510885,345,255.99609375,1.347676813916228,1.0,0.2243077842129164,0.2051164130999179,-0.20012182612989604,1.0493142336364125,1.2178145199829304,2.7052591323089734,6714.235726557621,3527.4984165162778,1.9033986507607092,10242.81341881046
balanced_interleaved.csv,70,17920.0,18176.0,0,649.8325892857143,644.53125,68.46326766771396,44.68375448752603,22.762148337595907,92.33147273507943,393,255.99609375,1.5351796749828337,1.0,0.21673296308087203,0.21172545037309565,-0.21128213115643465,1.062007948742493,1.2544218765368222,2.7571167611531227,4060.921617469117,2267.3720100479295,1.7910257335245459,6343.603946972494
balanced_interleaved.csv,71,18176.0,18432.0,2,670.0295275590552,664.0625,79.75402779311666,53.290726892955824,31.842105263157894,89.54829232464193,383,255.99609375,1.4961165789272908,0.9973821989528796,0.2055782379254704,0.21564680637441078,-0.23407932486142946,1.0610935889873565,1.190422509603492,2.55924540297437,5199.006238845955,3411.101162962953,1.5241430817988377,8620.454059793014
balanced_interleaved.csv,72,18432.0,18688.0,2,686.1034106182796,679.6875,81.43102047800866,76.32378622740703,32.075471698113205,87.45037420223757,373,255.99609375,1.4570534828717479,1.0,0.20483894516701528,0.21452095478725225,-0.23644957810383258,1.0597993640301013,1.1956578132502154,2.6254218636559994,5938.7973926268705,3752.004309077904,1.5828333081222912,9702.523818693202
balanced_interleaved.csv,73,18688.0,18944.0,0,689.6114864864865,689.453125,70.26481484518746,54.578127539680544,36.31436314363143,87.00551132884263,372,255.99609375,1.4531471732661936,0.9973045822102425,0.23302449129258337,0.20897180488726935,-0.19558181085437445,1.0676277201018456,1.208052296863088,2.6678866250642086,4675.396107794629,3758.482314219637,1.2439585228606744,8434.735102174347
balanced_interleaved.csv,74,18944.0,19200.0,1,694.5780824250681,695.3125,69.53382439340879,47.20293135567948,30.601092896174865,86.38337649600808,368,255.99609375,1.4375219348439765,1.0,0.22669772226546514,0.2089861876886211,-0.19595764088601247,1.0597927447765585,1.2112594381505908,2.6404365924284354,4360.842820168415,2616.859666685829,1.6664412217760558,6979.1516932261675
balanced_interleaved.csv,75,19200.0,19456.0,3,596.9808703271028,597.65625,43.515902730762605,24.856707042360902,6.323185011709602,100.50573306833817,429,255.99609375,1.6758068207827879,1.0,0.17697042879468927,0.2211188967847932,-0.2509228821538416,1.0542123309484541,1.2871337154393563,2.787423399702039,2716.9060243477074,836.3496935564393,3.2485287497320794,3553.322862704724
balanced_interleaved.csv,76,19456.0,19712.0,2,689.6431587837837,687.5,66.2774187710838,57.22811515884606,23.035230352303522,87.00151554582612,371,255.99609375,1.4492408636606393,1.0,0.20004992646911895,0.21263817472664712,-0.2279256702442638,1.058617384318011,1.2947546798150553,2.8925419128476184,5312.864555108802,2050.5285274004177,2.5909732462216706,7369.046568336332
balanced_interleaved.csv,77,19712.0,19968.0,3,697.0414959016393,695.3125,82.26821181823418,59.52176065022987,21.91780821917808,86.07808911345889,368,255.99609375,1.4375219348439765,0.997275204359673,0.1997536335319729,0.2109117616667508,-0.2252619420739261,1.0449252255349049,1.2682790893415172,2.8002703455714864,6103.701883079363,2126.494597490282,2.8703114930473066,8258.371657806521
balanced_interleaved.csv,78,19968.0,20224.0,3,646.7024904822335,632.8125,86.34974233082725,38.2671900297986,18.829516539440203,92.77836545094972,396,255.99609375,1.5468986037994965,0.9974683544303797,0.1889605234779637,0.21842798708479289,-0.24876344935946287,1.0581904935715445,1.2650263541260722,2.7737441511960332,4381.355944375872,1709.6060078152564,2.5627869370761656,6095.035440721503
balanced_interleaved.csv,79,20224.0,20480.0,3,602.3548054245283,597.65625,55.203052548649886,35.63270927482893,10.16548463356974,99.6090667156098,425,255.99609375,1.6601815823605708,1.0,0.18599768534268732,0.2214726538921064,-0.24840934111001378,1.0660756033122107,1.2862107922535946,2.8115271995949147,3085.141294975642,1240.5259575460448,2.4869623051488063,4326.422353454825
balanced_interleaved.csv,80,20480.0,20736.0,1,647.8624682741116,644.53125,67.48455127259399,59.217615462253335,23.155216284987276,92.61224864567075,395,255.99609375,1.5429922941939422,1.0,0.21081762085476805,0.21402252110423148,-0.21356356584106848,1.0610465518982277,1.2469597565734372,2.717248921906318,4427.339597629547,2821.063617269631,1.5693866563401189,7268.776923809437
balanced_interleaved.csv,81,20736.0,20992.0,0,700.492294520548,703.125,74.45621384414963,69.97753651213739,31.59340659340659,85.6540471170593,366,255.99609375,1.429709315632868,1.0,0.22983812130366427,0.20865517286007432,-0.19639934649493393,1.0546671117162414,1.1799959235481714,2.5232437911306143,5128.2768518614985,4074.406782608733,1.2586560757141683,9229.668947680815
balanced_interleaved.csv,82,20992.0,21248.0,0,760.3311567164179,757.8125,85.39961859959931,82.10306148882832,44.91017964071856,78.91298346777904,336,255.99609375,1.3125200274662394,1.0,0.23605958169563787,0.20345021579672642,-0.18823696775528756,1.0457438831844308,1.148871048855165,2.4878283537404506,6484.659833383332,5347.529793648487,1.2126458539951415,11837.405096923803
balanced_interleaved.csv,83,21248.0,21504.0,2,674.69904353562,664.0625,87.8381149839895,67.05684017994103,22.75132275132275,88.92853869420428,380,255.99609375,1.484397650110628,1.0,0.20276297141829352,0.21489155207884048,-0.23189879051815002,1.06226981891881,1.2403378543540933,2.7369625814649687,5175.977254139681,3143.397993647295,1.646618488845562,8380.53868588975
balanced_interleaved.csv,84,21504.0,21760.0,3,633.0063585607941,625.0,68.39837291694049,36.701834319457866,15.17412935323383,94.78577772333323,404,255.99609375,1.5781490806439307,1.0,0.18581540900217863,0.2189251140712052,-0.24907942944919595,1.0573941113467786,1.2639532304946668,2.7620529777805993,4511.143644341181,1543.336726391988,2.9229808163039905,6064.426985103759
balanced_interleaved.csv,85,21760.0,22016.0,3,683.7927278820375,667.96875,89.40118253054351,43.7267048076076,25.268817204301076,87.74588783042853,374,255.99609375,1.4609597924773021,1.0,0.2007957877877029,0.2135139388777404,-0.23201461509264146,1.05799285438058,1.2430294181778527,2.76351118846421,5822.58735399558,1869.972407310313,3.1137290214728552,7696.96142531711
balanced_interleaved.csv,86,22016.0,22272.0,2,720.2464788732394,722.65625,81.25990364139547,63.02264808927001,33.89830508474576,83.30481544854558,356,255.99609375,1.390646219577325,1.0,0.21123007758849424,0.2103619020941024,-0.21937081819854937,1.05435193035749,1.2316457575009947,2.7236838112221466,5366.876487223532,3224.656658528846,1.6643249361226602,8600.986845828853
balanced_interleaved.csv,87,22272.0,22528.0,1,733.7688577586207,730.46875,89.09881700011783,91.37056635558866,37.46397694524496,81.76961909132629,349,255.99609375,1.3633020523384451,1.0,0.21414455683781597,0.2095843628546022,-0.21906250094093777,1.0533253669403626,1.205995794175688,2.677410829913696,7280.847595508826,4936.230681001319,1.4749812288010615,12227.457432592077
balanced_interleaved.csv,88,22528.0,22784.0,1,709.08203125,707.03125,68.2878421618272,65.45893358423567,27.57660167130919,84.61644401597576,361,255.99609375,1.4101777676050966,1.0,0.20712803237991662,0.21169000276611685,-0.21730280791015805,1.0571572379341567,1.2656346544334502,2.808998674082421,4514.9018691470665,3014.3760090018527,1.4977898761349555,7549.861845367653
balanced_interleaved.csv,89,22784.0,23040.0,0,676.6723309018568,675.78125,64.31457683359966,51.34156026599577,31.648936170212767,88.66920850751067,378,255.99609375,1.4765850308995194,1.0,0.2151629331320593,0.21290013500044463,-0.22130993477717728,1.0564285244528426,1.1931828108468236,2.5845257730613316,3951.882321379924,3129.079161368357,1.2629537693292978,7091.436091945846
balanced_interleaved.csv,90,23040.0,23296.0,2,669.1856184554974,671.875,60.9236210054326,39.259366940553164,22.04724409448819,89.66122155835026,384,255.99609375,1.500022888532845,0.9973890339425587,0.2084387813627485,0.2098348717953755,-0.20876618387143392,1.0547642881643957,1.2921544185782483,2.8836763748032084,4395.028161720869,1796.8454223985004,2.445968978151839,6199.493605322183
balanced_interleaved.csv,91,23296.0,23552.0,0,743.9868804664723,738.28125,93.74410299961687,73.73535688443378,38.88888888888889,80.64658339456282,344,255.99609375,1.3437705043106738,1.0,0.23653469019737167,0.20502425586790812,-0.1964621511278383,1.0575883486788946,1.1677722098633307,2.6117880616159814,6981.452805695488,3999.165727340904,1.7457273045639807,10995.970554334499
balanced_interleaved.csv,92,23552.0,23808.0,0,740.4274164244187,734.375,93.76830517329542,87.76684624978387,49.56268221574344,81.03427651253737,345,255.99609375,1.347676813916228,1.0,0.24224550757317434,0.20586201038246174,-0.18891126339935668,1.055318524300517,1.1304445042847844,2.408351846105538,6469.308275654739,6100.440372120374,1.0604657829654607,12587.93878696709
balanced_interleaved.csv,93,23808.0,24064.0,1,720.0704225352113,722.65625,76.37050391075248,71.12528257452209,35.31073446327684,83.32518337408312,357,255.99609375,1.3945525291828793,0.9971910112359551,0.21488076235646078,0.20927753619180017,-0.2122679417976119,1.055124798033751,1.2192308572732249,2.6957391490361235,5954.287178946428,3721.7945273182963,1.599843069046784,9703.494102303714
balanced_interleaved.csv,94,24064.0,24320.0,3,709.765625,714.84375,69.642427684007,43.425301481224075,23.676880222841227,84.53494771601541,361,255.99609375,1.4101777676050966,1.0,0.1932407401659674,0.21126009582021568,-0.23263560079844192,1.0449409564862384,1.2842606000907395,2.8788181690882606,5402.470847818795,1706.0092344540683,3.166730131767202,7109.406440859471
balanced_interleaved.csv,95,24320.0,24576.0,2,618.767024818402,613.28125,65.40809573767116,53.53663174624039,12.864077669902912,96.96702893566285,414,255.99609375,1.6172121766994736,1.0,0.1866258339074257,0.2202487024335713,-0.24769133862722512,1.0620179516590325,1.265745176424259,2.7568582716312404,3702.252596397066,2015.8032623525023,1.836614051351632,5731.6552595781895
balanced_interleaved.csv,96,24576.0,24832.0,3,711.9304294692737,712.890625,63.12123845362634,42.8073026924133,22.969187675070028,84.2778978343832,359,255.99609375,1.4023651483939878,1.0,0.18952221080751114,0.2115159336128435,-0.234413284206998,1.0472922657908124,1.2882850032322333,2.896807946421011,5334.792240535508,1705.4698609896618,3.12804838277224,7044.212878033939
balanced_interleaved.csv,97,24832.0,25088.0,3,687.4054939516129,687.5,64.04343659029611,56.03404855887549,18.059299191374663,87.28472572292745,373,255.99609375,1.4570534828717479,1.0,0.19352614327573653,0.2120241241008807,-0.22582320239395692,1.056512384070594,1.3303128299939075,3.0010552719367034,5208.738183339196,1626.9417844861073,3.2015516676796465,6851.3633184115515
balanced_interleaved.csv,98,25088.0,25344.0,1,688.8302364864865,691.40625,82.03429768842966,63.63692172118615,27.100271002710024,87.10419029519052,371,255.99609375,1.4492408636606393,1.0,0.20794302287615832,0.21132480782396662,-0.22265698797206218,1.053925070981622,1.223498863831001,2.711423744146935,5886.684331131887,2805.7155242699628,2.098104487148098,8723.363313074418
balanced_interleaved.csv,99,25344.0,25600.0,1,684.0545408847184,679.6875,85.98541019713946,69.48980128608008,36.02150537634409,87.71230423000965,374,255.99609375,1.4609597924773021,1.0,0.22137146217918627,0.21084077441778598,-0.21348565235034841,1.0575185577033315,1.1899790655449969,2.587803275960475,5301.962588020354,3947.175718324062,1.3432294294391138,9275.130231911324
balanced_interleaved.csv,100,25600.0,25856.0,0,651.4568718112245,644.53125,74.36630189762282,63.62871467507454,30.946291560102303,92.10126195028681,394,255.99609375,1.539085984588388,0.9974554707379135,0.22509415264968258,0.21281549339839728,-0.208081130734213,1.0657318719551943,1.1870971315762073,2.541596530200737,4516.295271348189,3704.2110573361174,1.2192327060856196,8256.61493717135
balanced_interleaved.csv,101,25856.0,26112.0,0,698.4503073770492,699.21875,73.88704378298786,56.46422771215539,33.97260273972603,85.90446502246265,367,255.99609375,1.4336156252384222,1.0,0.2421230819787634,0.20717859097912986,-0.18458288109956195,1.0664107259444995,1.1863717546263222,2.5994286150432764,4672.008091898123,3680.527740379895,1.2693853766242473,8356.421000782084
balanced_interleaved.csv,102,26112.0,26368.0,2,603.8249852245863,601.5625,46.582932898455695,28.63369911659984,10.189573459715639,99.3665407496903,424,255.99609375,1.6562752727550165,1.0,0.19672773871322324,0.21908009070405812,-0.23343094108503598,1.0715446621492315,1.2744282950863364,2.7686854168944075,2823.579452344679,1162.8068017105345,2.4282446991117377,3986.908880835164
balanced_interleaved.csv,103,26368.0,26624.0,3,728.2700892857143,730.46875,79.00818094573455,46.346429648053316,28.36676217765043,82.38701668888787,351,255.99609375,1.3711146715495537,1.0,0.20834050515474078,0.20777415755986667,-0.20998710351820335,1.0526569491429305,1.2730579016341614,2.8791670534993052,6733.745872238259,1813.969001464865,3.712161490521858,8550.757177880341
balanced_interleaved.csv,104,26624.0,26880.0,2,681.1770833333334,675.78125,66.88084542126835,39.23601585739559,20.855614973262032,88.08282232043184,376,255.99609375,1.4687724116884109,1.0,0.20276607293536142,0.21093794006635805,-0.21852436630936292,1.0546833870990175,1.2950021194243242,2.8748266872004713,5212.029360478877,1491.6835553701599,3.494058335439326,6707.0502410837225
balanced_interleaved.csv,105,26880.0,27136.0,1,672.1833881578947,666.015625,75.51439680967037,71.39891042038623,26.912928759894463,89.26135494723965,381,255.99609375,1.4883039597161822,1.0,0.20246559873057857,0.21384868559546555,-0.23003607051123043,1.056964613107593,1.2460507669022711,2.7512785440468797,5717.437058247861,3060.9854198093026,1.8678419770467427,8790.40514186495
balanced_interleaved.csv,106,27136.0,27392.0,1,656.7018798200514,652.34375,71.29500474603145,70.44660750311866,28.350515463917525,91.36565897518234,390,255.99609375,1.5234607461661707,1.0,0.2047376223740134,0.21524004444677683,-0.23125571620928037,1.0569067732367432,1.2193311589952456,2.6397158036044637,4732.027060368735,3349.3016237259994,1.4128399266425262,8094.1181983122015
balanced_interleaved.csv,107,27392.0,27648.0,1,671.6385690789474,664.0625,80.5115585396829,69.23462891582129,30.07915567282322,89.33376188071077,381,255.99609375,1.4883039597161822,1.0,0.2250152792220217,0.21009468635919087,-0.20469860812388957,1.0591635109047541,1.203162786332329,2.617439058601261,5416.58508383946,3740.6618874905403,1.4480285165450302,9192.801409534326
balanced_interleaved.csv,108,27648.0,27904.0,0,715.3033088235294,710.9375,74.26351019668061,59.61805121706698,38.48314606741573,83.88050112431738,358,255.99609375,1.3984588387884336,1.0,0.24477469937468477,0.206243864066936,-0.18156754066181746,1.0667637961312837,1.181940554008887,2.586715651699329,5156.215889737333,4061.1157483558586,1.2696549936614896,9224.201738233838
balanced_interleaved.csv,109,27904.0,28160.0,2,615.4513888888889,617.1875,48.87991813555845,30.470617337389314,11.138014527845035,97.48942172073342,415,255.99609375,1.6211184863050279,1.0,0.19932669590118202,0.21628589673605828,-0.2265634090543926,1.0569172863590741,1.2666238732450041,2.7412505756542407,3046.1384499152446,1249.3690694834643,2.438141398181589,4295.758988883751
balanced_interleaved.csv,110,28160.0,28416.0,0,776.7975873860182,777.34375,89.60773124965992,75.4129223274644,46.95121951219512,77.24019870080245,330,255.99609375,1.2890821698329138,1.0,0.24724134896438935,0.2006738590810635,-0.17898157499262649,1.0496420827101491,1.1662197670572705,2.587961196000281,6617.819299027887,4696.639537085328,1.4090541219466923,11319.84861082227
balanced_interleaved.csv,111,28416.0,28672.0,1,720.1513947740114,722.65625,93.84941047315665,82.19943680213277,33.994334277620396,83.3158144737447,355,255.99609375,1.3867399099717708,1.0,0.21749021676121338,0.20921198101656335,-0.2110188929805649,1.0549378623678252,1.219830006004487,2.67038975128946,6819.89552058383,4132.4251593042,1.6503373340540146,10966.73934879958
balanced_interleaved.csv,112,28672.0,28928.0,1,651.0019083969465,625.0,103.7429940684935,49.9909373263995,25.0,92.1656284353243,394,255.99609375,1.539085984588388,1.0,0.19520583342465908,0.21856051985029556,-0.24690209260526452,1.0533971950480838,1.1948439399930444,2.5400398232720054,4931.713313791696,2911.3014253483675,1.693989248537384,7851.682745566237
balanced_interleaved.csv,113,28928.0,29184.0,3,598.243104460094,593.75,52.93759690894613,28.418985367529448,9.176470588235293,100.29367585297814,428,255.99609375,1.6719005111772336,0.9976580796252927,0.18433464392273521,0.2212043445016893,-0.25011869343073034,1.0643243169519896,1.2752853281065661,2.768152924001452,3143.801378441072,1107.5726979682984,2.8384605220117622,4252.739775443351
balanced_interleaved.csv,114,29184.0,29440.0,2,634.0628877171216,632.8125,54.5929225032556,37.18269179585205,16.417910447761194,94.62783765191469,404,255.99609375,1.5781490806439307,1.0,0.19907570881117842,0.21621530045719223,-0.2287372616693393,1.0652633915088818,1.2813145926819913,2.817604318041541,3678.7455237319687,1590.2709038299129,2.3132822935213735,5274.155220307089
balanced_interleaved.csv,115,29440.0,29696.0,3,616.0015060240963,617.1875,45.69073819858469,25.084304563747825,5.555555555555555,97.40235926899335,416,255.99609375,1.6250247959105821,1.0,0.181878887552212,0.22046641644610152,-0.24468001615085658,1.057253714131087,1.2973490204408953,2.807477932113252,2679.5625789649634,829.3720857236733,3.2308328494404246,3509.1689800374397
balanced_interleaved.csv,116,29696.0,29952.0,3,718.3868838028169,718.75,66.16171834390012,58.026770716555184,22.033898305084744,83.52045583347373,356,255.99609375,1.390646219577325,1.0,0.19062686771365397,0.21173107720581616,-0.23210431634630094,1.0474344374199105,1.2919114907583906,2.8931474969954962,5294.376563942911,2024.0201907401292,2.615772603536579,7332.055813897924
balanced_interleaved.csv,117,29952.0,30208.0,1,706.0600828729282,710.9375,92.02483241951822,66.1415716826632,29.362880886426595,84.97860374128867,364,255.99609375,1.4218966964217594,0.9972451790633609,0.22542769437337412,0.20636855901456594,-0.19655652883778993,1.0506177588342664,1.2195281701664178,2.6967560484415714,6052.852044086056,3031.518431155106,1.9966403574791145,9114.995587968668
balanced_interleaved.csv,118,30208.0,30464.0,0,782.7477952453987,781.25,95.54203488947267,88.33760539568225,46.46153846153846,76.65304247990815,327,255.99609375,1.2773632410162508,1.0,0.24642476119252515,0.2001980753630231,-0.1814752870187319,1.0514103130673211,1.170237731501417,2.6224302023249173,8529.599719274924,5191.893845187195,1.6428686667354977,13763.179528644716
balanced_interleaved.csv,119,30464.0,30720.0,0,741.0633175872093,734.375,103.60299124827249,98.52722928106326,52.76967930029155,80.96474157613275,345,255.99609375,1.347676813916228,1.0,0.2507650662549162,0.20464219295336233,-0.18467888178414402,1.0625208426211874,1.1367726633376347,2.462507847785681,6999.460925284664,7008.335280948713,0.9987337427066063,14020.354240568322
balanced_interleaved.csv,120,30720.0,30976.0,0,683.1133021390374,679.6875,80.50332787683956,56.679522472763026,34.584450402144775,87.83316005137301,375,255.99609375,1.4648661020828564,1.0,0.23081524060570618,0.21156961191411255,-0.20847198981455095,1.0636429828287315,1.1488422878981102,2.4653081078672816,4802.187075062477,3977.1929719071913,1.207431248366024,8789.587016563823
balanced_interleaved.csv,121,30976.0,31232.0,2,619.4060983009708,621.09375,59.994440582995104,51.66081853442605,13.62530413625304,96.86698300933722,413,255.99609375,1.6133058670939193,1.0,0.19251723721438083,0.21783781577222916,-0.23583128688228236,1.0632019615314043,1.2789089097576856,2.791258056283376,3798.1406577836797,1915.984223970866,1.9823444317887209,5728.689850944426
balanced_interleaved.csv,122,31232.0,31488.0,3,606.0069032066508,597.65625,64.73968177362077,30.39963257072802,8.571428571428571,99.00877313857885,422,255.99609375,1.6484626535439078,1.0,0.18416714493538872,0.22165878138754339,-0.2488434124543165,1.0633683791251323,1.277058968869468,2.7826651730508285,3881.9277399427465,1047.9015191730762,3.7044776335528815,4931.476499961479
balanced_interleaved.csv,123,31488.0,31744.0,2,639.3359375,640.625,56.68540207330222,34.75473868410115,15.538847117794486,93.84737581719314,401,255.99609375,1.5664301518272679,1.0,0.2017284405131206,0.21614763555950853,-0.22723343879181984,1.068204933700025,1.2757238748406152,2.8085713697590915,3497.5412343681905,1612.5570752339129,2.16894104902355,5144.011419401988
balanced_interleaved.csv,124,31744.0,32000.0,1,697.0094774590164,691.40625,71.96670179991732,58.56341966135095,26.84931506849315,86.08204327254353,367,255.99609375,1.4336156252384222,1.0,0.22153361957202183,0.20610374128353876,-0.1925797512259494,1.052928040845877,1.2672448635345455,2.828421507406847,5714.575283074894,2458.842173587454,2.324091942321504,8174.048285954168
balanced_interleaved.csv,125,32000.0,32256.0,1,666.3164980417755,664.0625,62.498554890260515,43.85210219151251,28.01047120418848,90.04729760756761,384,255.99609375,1.500022888532845,1.0,0.21407079597308776,0.21209802346757364,-0.21711664399315808,1.063970278392296,1.2413720760601534,2.7247593386162157,4377.290546528106,2343.641934105509,1.8677300840321298,6727.967545147859
balanced_interleaved.csv,126,32256.0,32512.0,1,694.3147078804348,679.6875,88.50539494781351,55.785702301535515,35.42234332425068,86.41614432044031,370,255.99609375,1.445334554055085,0.997289972899729,0.22121189127114507,0.21034698857368522,-0.21119174183670925,1.0578268580622612,1.1936289921856726,2.6180233518767144,5505.952291946291,3603.083259463839,1.5281224150134156,9119.498457479596
balanced_interleaved.csv,127,32512.0,32768.0,0,747.5371151026393,746.09375,81.1150700890688,70.0650517143685,45.588235294117645,80.26357325650888,342,255.99609375,1.335957885099565,1.0,0.22543634792705525,0.20706859426493032,-0.20683126376419053,1.0436357433064292,1.1401280908048577,2.4638584005361004,5729.40888504908,4885.431688764612,1.1727538629238077,10616.238224922672
balanced_interleaved.csv,128,32768.0,33024.0,2,700.7748111263736,707.03125,83.31615739960415,50.06724478010417,26.170798898071624,85.61951578076906,365,255.99609375,1.4258030060273137,1.0,0.1929111410076365,0.21205900056767002,-0.23629173013669907,1.0439080349470884,1.2580672446254642,2.787464658180908,4646.23911079254,2372.3261926387445,1.9585161286882373,7021.374034002654
balanced_interleaved.csv,129,33024.0,33280.0,0,648.2986992385787,644.53125,64.7264115881789,46.12561298979127,23.918575063613233,92.54993118213794,395,255.99609375,1.5429922941939422,1.0,0.2203058846045646,0.21322245946910723,-0.21249915401427638,1.0621470294763284,1.2008390232821848,2.593983304563417,3550.5143075494834,2906.2533496997853,1.2216809342916541,6464.366661369901
balanced_interleaved.csv,130,33280.0,33536.0,1,630.0250771604939,625.0,59.2758791537393,37.95717256923656,16.584158415841586,95.23430443502089,406,255.99609375,1.5859616998550392,1.0,0.20838118170918712,0.21802338385687597,-0.22469181512259098,1.0769266913612612,1.2755925589656423,2.8044070036946573,2954.545723168623,1905.8923322942053,1.5502164907773717,4876.216788427929
balanced_interleaved.csv,131,33536.0,33792.0,3,714.438900560224,710.9375,76.82131996124087,63.97520825975785,22.47191011235955,83.98198915673723,358,255.99609375,1.3984588387884336,1.0,0.20400995698193997,0.20818204953266436,-0.2149345027929481,1.0470304490403572,1.3064553596443889,2.938027279580628,6221.851578823506,2262.5419736248928,2.7499386315716716,8501.550876724923
balanced_interleaved.csv,132,33792.0,34048.0,2,718.091643258427,720.703125,92.50193666460345,68.74224708205897,28.732394366197184,83.55479493918465,357,255.99609375,1.3945525291828793,1.0,0.20790180211929385,0.20962912398886502,-0.22432285914368325,1.054983599717398,1.2489662131373962,2.8143748800622372,6555.2354843068115,2785.902202768202,2.3530027284494137,9384.144201873547
balanced_interleaved.csv,133,34048.0,34304.0,2,684.0126508042896,683.59375,92.04647633182775,67.58423089529839,27.1505376344086,87.71767587843527,374,255.99609375,1.4609597924773021,1.0,0.19966890181115568,0.21425990017478885,-0.23015839475645988,1.054136021640728,1.2397803474697464,2.7191797370070914,5303.34444904786,3177.3147000739677,1.6691278484074612,8522.225400740039
balanced_interleaved.csv,134,34304.0,34560.0,3,639.6459899749374,640.625,61.359973036180854,33.98684550671987,16.08040201005025,93.80188563732092,401,255.99609375,1.5664301518272679,0.9975,0.18248601201176728,0.2190392553769662,-0.24636687271328694,1.0593750414499816,1.2936009324781987,2.8648334206457653,3952.4958734032098,1340.7583914552563,2.947955350190409,5301.003446745576
balanced_interleaved.csv,135,34560.0,34816.0,3,607.5799851190476,601.5625,64.77145016321658,55.10741127885163,11.217183770883054,98.752430082508,421,255.99609375,1.6445563439383535,1.0,0.18373854646047547,0.22091562736840947,-0.24909925923283283,1.063125674745755,1.2879549443095495,2.821682702873952,3816.544406984527,1822.996969695767,2.0935549923714114,5645.931459232523
balanced_interleaved.csv,136,34816.0,35072.0,1,663.0174512987013,660.15625,64.16253572719889,58.40117279077024,23.177083333333336,90.49535556337705,386,255.99609375,1.5078355077439536,1.0,0.20155439734909697,0.21437789444213337,-0.22927911874830195,1.0561132056845914,1.2404522098081858,2.708527058120864,4153.931705668253,2618.035577540887,1.586659761732508,6789.78202719998
balanced_interleaved.csv,137,35072.0,35328.0,0,665.618896484375,666.015625,64.39260953886757,46.3987480859492,28.720626631853786,90.14167163357939,386,255.99609375,1.5078355077439536,0.9974025974025974,0.2270974926298399,0.2101045590725902,-0.20175923232001258,1.0682336711820262,1.2173296207809439,2.6714486820082888,4532.743748766856,2765.8797229210245,1.6388072522473462,7299.4137326564605
balanced_interleaved.csv,138,35328.0,35584.0,0,676.1128149867374,664.0625,85.91088214591821,70.44857916487553,25.265957446808514,88.74258654774493,378,255.99609375,1.4765850308995194,1.0,0.22208232097212607,0.20984534766550572,-0.2021027832829972,1.061952968896353,1.2321179613207975,2.702416499407377,5887.6322131931365,3699.1460536924533,1.5916192893535945,9643.326144152323
balanced_interleaved.csv,139,35584.0,35840.0,2,632.2517017326733,628.90625,63.40329708608711,45.572178151879775,27.543424317617866,94.8989142070653,405,255.99609375,1.582055390249485,1.0,0.20661809783894305,0.21706887194035515,-0.23379153380891388,1.0604570584900601,1.1939522873166812,2.5301909424249605,4091.0596112854137,2765.2342990658763,1.4794621969890271,6860.729093366095
balanced_interleaved.csv,140,35840.0,36096.0,2,643.7047386649874,640.625,65.79364626593066,58.433400646370686,19.696969696969695,93.21043701563718,398,255.99609375,1.554711223010605,1.0,0.19645443578362676,0.21678636772618065,-0.23765662498626344,1.0598031715657021,1.2534879844113578,2.7481000100933803,4450.651359562517,2110.355558266926,2.1089580578627696,6569.713346405921
balanced_interleaved.csv,141,36096.0,36352.0,3,668.4800392670157,664.0625,62.39143791042915,38.31145194330412,20.209973753280842,89.75585877745823,383,255.99609375,1.4961165789272908,1.0,0.19591324374998265,0.21538161226847202,-0.23325182320693913,1.0606296831167563,1.290977484677837,2.863453556227226,4440.5749410208655,1642.3538233749887,2.7037870146005534,6086.429253936616
balanced_interleaved.csv,142,36352.0,36608.0,2,648.7058683206106,644.53125,55.69924156266337,36.26641864745231,19.642857142857142,92.49184095610205,394,255.99609375,1.539085984588388,1.0,0.19612143332224624,0.21635939423491338,-0.23416185615925628,1.0574073014899315,1.2620162886848916,2.7542437593708895,3649.6223190367978,1705.1882165711365,2.1403046793131204,5356.024638238629
balanced_interleaved.csv,143,36608.0,36864.0,1,663.961038961039,660.15625,54.26506748666944,38.318932080980844,19.270833333333336,90.36674816625917,386,255.99609375,1.5078355077439536,1.0,0.21112263018308414,0.21343211019897237,-0.21433453633978897,1.062765376178406,1.254543139892299,2.737266398907276,3228.5091568111793,1950.8126711285474,1.654956011200954,5179.782012914751
balanced_interleaved.csv,144,36864.0,37120.0,1,716.7529845505618,714.84375,70.72117973319124,63.22919959866805,31.549295774647888,83.71084780012859,357,255.99609375,1.3945525291828793,1.0,0.2167910831822891,0.20831677236957943,-0.20479191174802888,1.0634526049039688,1.268980776344747,2.858389482603556,5427.841438004849,2739.7158287440852,1.9811694997918923,8170.366018040045
balanced_interleaved.csv,145,37120.0,37376.0,0,699.6682363013699,703.125,65.70601309012758,48.982414202215864,32.417582417582416,85.75492910350734,367,255.99609375,1.4336156252384222,0.9972677595628415,0.2254341017215211,0.2070247551809658,-0.19518956219728195,1.0550580916811052,1.2463355776206422,2.743102284569771,4904.854225151574,2626.0148649698617,1.8677937777811726,7536.694227719416
balanced_interleaved.csv,146,37376.0,37632.0,2,677.4805205570292,675.78125,77.38351634114264,67.83434872985116,34.308510638297875,88.56343197981188,378,255.99609375,1.4765850308995194,1.0,0.21599226679148767,0.21214386737843963,-0.21712460010730528,1.0558379371913142,1.1882705300275826,2.553253142508086,5371.099140093381,4042.003611520773,1.3288209651234195,9450.94474003484
balanced_interleaved.csv,147,37632.0,37888.0,2,710.2520020891365,699.21875,88.94163365099918,58.36233690076743,34.07821229050279,84.47705859823823,360,255.99609375,1.4062714579995423,1.0,0.21986468677034782,0.20950630000075637,-0.211249532609228,1.0489607655642907,1.1594079136578137,2.5161477341901195,5691.795224469546,3593.0883691553468,1.5840955299987676,9286.022534966743
balanced_interleaved.csv,148,37888.0,38144.0,0,750.9679203539823,753.90625,97.69627181032237,68.9500251529193,46.15384615384615,79.896888234211,341,255.99609375,1.3320515754940108,0.9970588235294118,0.24556247330519554,0.20256592981945687,-0.17554754764359903,1.0482506850832334,1.157347601479679,2.516849757213868,5345.241451075537,5036.9239938203245,1.0612114571578763,10385.708471397758
balanced_interleaved.csv,149,38144.0,38400.0,1,715.1063550420168,718.75,74.50245230013351,65.61832465464138,31.179775280898873,83.90360339683268,358,255.99609375,1.3984588387884336,1.0,0.22216980085973373,0.20887791459269955,-0.19899976062671773,1.061679823856124,1.2415223231062784,2.7401382837051527,4774.256518164272,3071.2278895590393,1.5545106679953178,7859.17406705631
balanced_interleaved.csv,150,38400.0,38656.0,3,685.5835288203754,687.5,54.157353016114406,35.28435813642445,16.666666666666664,87.51668830672878,374,255.99609375,1.4609597924773021,1.0,0.1927044101844101,0.21411809454713682,-0.23066905925876363,1.0578877656513372,1.2987599121224347,2.9053057808132854,4139.263974309036,1257.3119129269835,3.2921536269174103,5396.610796600883
balanced_interleaved.csv,151,38656.0,38912.0,2,645.4212816455696,644.53125,57.365205018603454,43.19752276569203,17.258883248730964,92.96253734773616,396,255.99609375,1.5468986037994965,1.0,0.1982457264248128,0.21492603389916695,-0.22801251451166538,1.059555036322675,1.2837366394333363,2.831392268625968,4094.5621284775057,1479.5626355938898,2.7674138491838614,5577.6589937537
balanced_interleaved.csv,152,38912.0,39168.0,3,680.5601728723404,677.734375,77.14891127031564,67.08598192882151,22.133333333333333,88.16266715515663,377,255.99609375,1.4726787212939652,1.0,0.20345530361436293,0.2109919676839859,-0.22021123123796202,1.0536849238245032,1.2690986649073952,2.8061821441297203,6308.921407269072,2491.894111359547,2.531777485451419,8845.60125705113
balanced_interleaved.csv,153,39168.0,39424.0,3,703.7724447513813,703.125,74.17233638140785,64.41926062538514,26.869806094182824,85.25482980680772,364,255.99609375,1.4218966964217594,0.9972451790633609,0.19306008712167375,0.21221465371486906,-0.23189698779119117,1.0506200392433929,1.282319620979058,2.865349461967046,6306.8397484446505,2578.347434016324,2.4460783156055923,8917.106830028266
balanced_interleaved.csv,154,39424.0,39680.0,3,674.6372031662269,675.78125,79.21193568206719,61.29019343298927,22.22222222222222,88.93669029577121,380,255.99609375,1.484397650110628,1.0,0.19658552336006527,0.21418819076633547,-0.2311555939952812,1.0534756485705603,1.2610458101361586,2.7643988650299365,4681.0945277993305,2492.4778763580766,1.8780886972762967,7196.5820875316585
balanced_interleaved.csv,155,39680.0,39936.0,1,649.4215171755725,644.53125,67.40116887461998,49.1526999264191,22.70408163265306,92.38991689241931,394,255.99609375,1.539085984588388,1.0,0.2130174433774555,0.2131060422112734,-0.21571238242284063,1.0575984051417457,1.2291637100364456,2.666409827278848,4451.857659000254,2679.7294870085457,1.6613086061794926,7134.883076719741
balanced_interleaved.csv,156,39936.0,40192.0,0,697.7885928961749,695.3125,74.68757945115905,70.20956601715169,34.52054794520548,85.98592841847659,367,255.99609375,1.4336156252384222,1.0,0.23416477779692593,0.20873037999712532,-0.19370122578577925,1.0625345023151629,1.1924749933340901,2.5954395733495383,4985.1892696902105,4057.220650949404,1.2287202739450858,9071.105814233788
balanced_interleaved.csv,157,40192.0,40448.0,0,790.235584365325,785.15625,83.79326589290149,78.07160442384712,49.06832298136646,75.92672512740462,324,255.99609375,1.265644312199588,1.0,0.25476393879206166,0.19928134610290038,-0.16907987745388553,1.0469173194080683,1.1355586187741993,2.4741503249633796,5867.304739899886,5641.605076509775,1.0400062855037244,11515.978763912015
balanced_interleaved.csv,158,40448.0,40704.0,2,644.9762658227849,632.8125,76.56271078508581,43.496823563071075,18.527918781725887,93.02667893284269,396,255.99609375,1.5468986037994965,1.0,0.20908312752082012,0.21407144487065458,-0.2197451329905876,1.0612335408318117,1.24838047506748,2.7263957201173223,4311.2580836712195,2425.2370683664917,1.7776646002590788,6750.116177356451
balanced_interleaved.csv,159,40704.0,40960.0,3,615.1920180722891,609.375,68.7218653202273,56.24998689529504,14.009661835748794,97.5305241898467,416,255.99609375,1.6250247959105821,1.0,0.17672980265562016,0.22259193603340835,-0.2618906348275162,1.0608967734575454,1.2675168691389136,2.748925578903431,4435.907674169846,1937.2856896871988,2.2897540088091417,6414.222339800197
balanced_interleaved.csv,160,40960.0,41216.0,3,609.5055190930788,605.46875,56.922542372508744,46.26515930196549,10.526315789473683,98.44045397534339,420,255.99609375,1.6406500343327992,1.0,0.17887866736648506,0.22191824443145153,-0.2611025244715144,1.0558003601009265,1.2627483806815978,2.7341170411643523,3527.311250387784,1486.487538305393,2.3729167984878945,5018.67703444212
balanced_interleaved.csv,161,41216.0,41472.0,2,662.9999190414508,652.34375,75.01797489887127,43.91122528080407,24.675324675324674,90.4977486071892,387,255.99609375,1.5117418173495079,1.0,0.19597731435787785,0.21513687843253618,-0.23643509618724018,1.0546358279000694,1.2464753632959298,2.7356831801561734,4571.541327849848,2278.43715608509,2.0064373141214347,6853.753475179562
balanced_interleaved.csv,162,41472.0,41728.0,1,741.4153343023256,738.28125,80.19991919515516,76.6861975436251,36.44314868804665,80.92630031244256,345,255.99609375,1.347676813916228,1.0,0.20606486122269482,0.2105387620958815,-0.22464219219555948,1.0503247867197971,1.2123443588310028,2.680732219977754,6383.834032619026,3922.8411656179615,1.6273496078736562,10333.984670620017
balanced_interleaved.csv,163,41728.0,41984.0,1,723.3865970254958,722.65625,70.36539575177522,66.6522198253611,31.25,82.94320111364365,354,255.99609375,1.3828336003662165,1.0,0.22207169026783274,0.20816093844547423,-0.19623033657340186,1.0572101242828458,1.2457933614989356,2.7473999540148952,4579.6820494050935,3138.7871087840113,1.4590610610667683,7737.730955485429
balanced_interleaved.csv,164,41984.0,42240.0,0,642.8487090680101,640.625,59.60607027793361,47.7630041112427,24.494949494949495,93.33455781063459,398,255.99609375,1.554711223010605,1.0,0.21936353956340957,0.21322865863147417,-0.21292982844790065,1.0649164808435976,1.2139997754890257,2.6367090964470963,3325.8558263270193,2551.6510225028087,1.3034132790873671,5880.0342776021
balanced_interleaved.csv,165,42240.0,42496.0,2,691.4485941734417,687.5,65.15310412194475,45.87584723910546,25.0,86.77434664788646,371,255.99609375,1.4492408636606393,0.9972972972972973,0.221251903849557,0.20710216209859963,-0.20006666645523885,1.054094253127992,1.262102160547897,2.8001877808966897,5168.202476722904,2237.7521131811086,2.3095509311690345,7411.653737513678
balanced_interleaved.csv,166,42496.0,42752.0,0,699.753852739726,699.21875,79.16947292105455,69.97454121897337,32.967032967032964,85.74443679743061,366,255.99609375,1.429709315632868,1.0,0.23403497162213133,0.20756157843102974,-0.1952702463594644,1.0564443347249406,1.1743085739076595,2.593754441178498,5966.941179809943,3563.3051951199736,1.6745523756937246,9549.189020599048
balanced_interleaved.csv,167,42752.0,43008.0,0,669.8039698162729,667.96875,80.00786764887856,66.62418283387234,33.421052631578945,89.57844787999389,382,255.99609375,1.4922102693217365,1.0,0.22751555707000498,0.21244513268193974,-0.2046000694981966,1.0590983724660865,1.167796820706475,2.4429160049000256,4400.600702158628,4050.3515854798925,1.0864737564843368,8471.20749159208
balanced_interleaved.csv,168,43008.0,43264.0,1,654.2568108974359,652.34375,63.092623311364584,38.97101272361355,21.336760925449873,91.70710797446456,392,255.99609375,1.5312733653772794,0.9974424552429667,0.19786454479539214,0.21566430175053936,-0.23159460685621483,1.0597563499754263,1.2673752859910763,2.792169030494729,3893.635277943648,1918.2921667402356,2.0297404876339162,5812.791844140154
balanced_interleaved.csv,169,43264.0,43520.0,3,682.6015207219251,683.59375,79.93844253557113,58.64015979279443,19.302949061662197,87.89901308239615,375,255.99609375,1.4648661020828564,1.0,0.18089151996131525,0.21399061996297047,-0.24695071873971827,1.0410034713730554,1.2783017853146446,2.8335647214439215,5125.598880962148,2247.3781973105574,2.280701524601406,7412.491065618528
balanced_interleaved.csv,170,43520.0,43776.0,2,616.9044384057971,617.1875,47.55337996294854,30.064751525591408,11.62227602905569,97.25979627420391,415,255.99609375,1.6211184863050279,1.0,0.1976759798430736,0.21754451063469288,-0.2294794963216748,1.0650725004758246,1.2708474416741204,2.7726800069807958,2856.162683163841,1256.0808034868642,2.2738685880997225,4113.64395402132
balanced_interleaved.csv,171,43776.0,44032.0,3,732.0021489971347,734.375,77.16419917741295,47.50035594476814,29.88505747126437,81.96697247706422,350,255.99609375,1.3672083619439994,1.0,0.20980360641828916,0.20734291524056758,-0.20698025549719917,1.052222928645762,1.2681195590449315,2.8571872902886915,6537.493537451085,2071.9242504863873,3.1552763263021797,8620.032663200183
balanced_interleaved.csv,172,44032.0,44288.0,3,677.1282327586207,675.78125,59.29228602640259,34.76623199027846,17.287234042553195,88.60950865327233,378,255.99609375,1.4765850308995194,1.0,0.19066444387675124,0.21200994523613756,-0.22826091534467238,1.0487759712396265,1.3146121265748683,2.948514238981798,4741.502375854362,1096.5332553518138,4.324084429462278,5841.627782323156
balanced_interleaved.csv,173,44288.0,44544.0,1,689.6009290540541,687.5,79.30698070831664,65.0987675606782,28.184281842818425,87.00684333807928,371,255.99609375,1.4492408636606393,1.0,0.2072120314621176,0.21136702864512444,-0.22813580351691093,1.0537122339429061,1.2273360328749081,2.721883504171168,5941.369124466596,2851.933931829991,2.0832772660530106,8827.669220031048
balanced_interleaved.csv,174,44544.0,44800.0,1,716.047356442577,714.84375,89.58148110062176,75.58922354167807,43.53932584269663,83.79334056631164,358,255.99609375,1.3984588387884336,1.0,0.22958722297323253,0.20787215175992693,-0.2073878379607561,1.0500089438657683,1.146932832876346,2.4918681552940223,6412.9252266455005,4661.781545969189,1.3756382969490362,11107.820052976023
balanced_interleaved.csv,175,44800.0,45056.0,0,768.2840737951807,757.8125,96.52172280752964,95.17984553036975,50.15105740181269,78.09611320407976,333,255.99609375,1.3008010986495766,1.0,0.23975039785650498,0.2035141302386848,-0.191948409729065,1.0473836275447257,1.1336777565900198,2.47591786179911,7462.236124340568,7025.232138617914,1.0622049175173058,14551.995248514884
balanced_interleaved.csv,176,45056.0,45312.0,0,784.3269230769231,781.25,94.51953938485177,92.48687926017647,52.160493827160494,76.49871276204487,326,255.99609375,1.2734569314106965,1.0,0.22182858407618722,0.2049070404482929,-0.2036075903372631,1.0435368181880074,1.1657322344378291,2.587497678996864,7347.575433417686,6448.259166127281,1.1394665202066498,13827.06066715131
balanced_interleaved.csv,177,45312.0,45568.0,2,727.0076566951567,726.5625,67.43861450920981,50.1567019895077,30.857142857142854,82.53007990692832,352,255.99609375,1.375020981155108,1.0,0.20535696851877144,0.21051045540735228,-0.2234708217034732,1.0552438761406866,1.248256550650872,2.7799015413047368,5663.431166193468,2419.8435186901365,2.340412147500797,8086.18318302125
balanced_interleaved.csv,178,45568.0,45824.0,3,642.3523869346734,636.71875,66.7592907441074,36.32890262330968,14.609571788413097,93.4066740007334,399,255.99609375,1.5586175326161593,1.0,0.177378227877418,0.21903417314290347,-0.25620070474498696,1.054200907865644,1.2735351517305402,2.7909023098925196,4562.46294737563,1245.404841212996,3.6634376199564915,5825.063568046478
balanced_interleaved.csv,179,45824.0,46080.0,2,682.1732954545455,683.59375,63.352457159482306,37.46688785405496,18.498659517426276,87.95419052576783,376,255.99609375,1.4687724116884109,0.9973333333333333,0.19147142087860627,0.21181024876461013,-0.23157399997460437,1.046346610070015,1.2951955297642472,2.884777048148025,5152.158193638584,1376.5753511390694,3.742736051009011,6534.106030120375
balanced_interleaved.csv,180,46080.0,46336.0,1,697.5217725409836,699.21875,72.49223316436633,64.46179956673448,28.767123287671232,86.0188202891898,367,255.99609375,1.4336156252384222,1.0,0.20087989908747617,0.2131318983657763,-0.22639853249168895,1.0565367475672327,1.2589094123362508,2.790139927325157,5376.569684616047,2961.2420152052687,1.8156468323117967,8370.035414417202
balanced_interleaved.csv,181,46336.0,46592.0,1,704.8407285911602,703.125,78.5843821106479,72.31466678842962,35.73407202216066,85.12561429293162,363,255.99609375,1.4179903868162052,1.0,0.2116212292196364,0.21180975738324773,-0.2222122857592228,1.0615677481387915,1.2391758556655235,2.75621674069178,5560.551897730204,3741.6506290337766,1.4861226899653457,9325.991863210986
balanced_interleaved.csv,182,46592.0,46848.0,1,679.9056682180851,675.78125,74.95545202800879,65.30957180437514,29.333333333333332,88.24753609901444,378,255.99609375,1.4765850308995194,0.9973474801061007,0.21882832493237353,0.21081539947780537,-0.20710121502602105,1.0551574123312066,1.2141214158336235,2.6330331289095925,4764.575156354683,3492.727411409883,1.3641417136619323,8288.788752568607
balanced_interleaved.csv,183,46848.0,47104.0,0,727.0855591168091,726.5625,81.73167730797459,76.53459312828743,36.857142857142854,82.5212373532518,352,255.99609375,1.375020981155108,1.0,0.24155555434676423,0.20371591664898647,-0.18087350869727678,1.0473170107865721,1.164605012282687,2.520785680428152,5720.290005248184,4682.153544956658,1.2217220025622066,10425.406887357161
balanced_interleaved.csv,184,47104.0,47360.0,2,641.3218435929648,640.625,51.05500702453253,33.1693933802574,15.365239294710328,93.5567696616317,399,255.99609375,1.5586175326161593,1.0,0.19634060473384826,0.21559225888296077,-0.2247833990446113,1.0528574817436989,1.2697522886382289,2.7533847888057457,3341.1715120385966,1403.3000113449082,2.3809388477353837,4745.784610681647
balanced_interleaved.csv,185,47360.0,47616.0,0,714.0887605042017,714.84375,78.12765090128876,64.31931974080392,35.39325842696629,84.02316815298336,358,255.99609375,1.3984588387884336,1.0,0.2364239669210334,0.20635496902845282,-0.18815762510090317,1.0609338726690776,1.2017782281104517,2.6282542142256,5561.073370190084,3532.4336270014455,1.574289557114956,9094.817418737875
balanced_interleaved.csv,186,47616.0,47872.0,1,670.6651902887139,667.96875,67.4887147116158,53.69308540044126,26.052631578947366,89.46341761702388,382,255.99609375,1.4922102693217365,1.0,0.21557923222084538,0.21254833355036035,-0.2135480689851675,1.0642023392607751,1.243400898885464,2.712115139916415,4413.932711693441,2573.1546568798253,1.7153779310901272,6994.032729550144
balanced_interleaved.csv,187,47872.0,48128.0,1,639.7830513784461,628.90625,77.79045234902551,64.37738835780884,20.35175879396985,93.78179035960214,400,255.99609375,1.5625238422217136,1.0,0.19838383822006206,0.21758198635742632,-0.23702548137130208,1.0619499495441647,1.2461486709252079,2.709708619853653,4580.946281039703,2701.0679982470488,1.6959759191596309,7288.401479085492
balanced_interleaved.csv,188,48128.0,48384.0,3,644.5904356060606,628.90625,77.94875023396858,38.977359746201515,19.240506329113924,93.0823615829584,398,255.99609375,1.554711223010605,0.9974811083123426,0.1935265122777824,0.2168719731337472,-0.23653407921870176,1.061037948275725,1.2615304156018854,2.76803901390313,4801.441190194946,1706.665373122373,2.813346579716813,6512.032256852319
balanced_interleaved.csv,189,48384.0,48640.0,2,695.3550749318802,695.3125,86.50563674029824,64.04904042766431,27.595628415300546,86.28685136996785,368,255.99609375,1.4375219348439765,1.0,0.20234680442572472,0.21184662911057597,-0.22374952192248435,1.0564168760807737,1.2662857983976537,2.816137203882792,5741.0067955889535,2983.3751415606366,1.9243328522827905,8763.354147735918
balanced_interleaved.csv,190,48640.0,48896.0,3,686.9539650537635,683.59375,62.19613580027548,38.55112972615594,17.78975741239892,87.34209721797615,373,255.99609375,1.4570534828717479,1.0,0.19999679431724016,0.21112110594847797,-0.22133723017211282,1.0497026623207968,1.2770470312164965,2.8325056634350343,4980.7627158285295,1439.8456091568594,3.459233881850117,6421.10003575827
balanced_interleaved.csv,191,48896.0,49152.0,3,745.5569261695906,746.09375,68.22875525263177,48.5536871572618,29.91202346041056,80.47675220222138,343,255.99609375,1.3398641947051193,1.0,0.21058081550454325,0.2068282651822643,-0.20522822953303227,1.0499009242589743,1.2655068833707526,2.8449241587065703,6428.606124043393,1847.8920252725638,3.4788862315129987,8276.906802067977
balanced_interleaved.csv,192,49152.0,49408.0,1,755.3899295252226,757.8125,76.05653863667088,52.10803218311599,33.33333333333333,79.4291764489251,339,255.99609375,1.3242389562829022,0.9970414201183432,0.21908695071271106,0.20551163194001665,-0.19904954790821233,1.0576010196164418,1.279116800627443,2.9113974236872435,5596.787883272711,2437.342356737244,2.296266615070387,8036.125358224491
balanced_interleaved.csv,193,49408.0,49664.0,0,747.1788194444445,742.1875,81.53707846241466,74.26244806732883,39.29618768328446,80.3020621550973,343,255.99609375,1.3398641947051193,1.0,0.22194522094915042,0.20709048603707247,-0.20319481767990216,1.0534261001034722,1.2342474598066713,2.739180461989436,6705.245504275796,3988.0604267731046,1.6813299666327453,10695.440281144547
balanced_interleaved.csv,194,49664.0,49920.0,0,724.7869318181819,724.609375,90.76185735299781,85.42098240608567,46.15384615384615,82.78294953454188,353,255.99609375,1.3789272907606622,1.0,0.23500626730993837,0.20774702717933438,-0.20588397213036186,1.0596316704036757,1.129023734518903,2.4826031254719325,6125.3119658587975,5842.267959073753,1.0484476249237151,11997.809369503144
balanced_interleaved.csv,195,49920.0,50176.0,0,684.1069034852547,683.59375,85.28266590389556,58.21203227108526,34.946236559139784,87.70559059457473,374,255.99609375,1.4609597924773021,1.0,0.22633432840455445,0.21039897013191408,-0.20608551204731057,1.0538879940185035,1.1610534810963262,2.488929801715459,4465.261273805164,3938.495379306876,1.1337480036833232,8413.0415445254
balanced_interleaved.csv,196,50176.0,50432.0,2,649.3595336294417,648.4375,71.42495139820973,61.35959116939154,19.338422391857506,92.39873581996122,395,255.99609375,1.5429922941939422,1.0,0.1935899086654732,0.21552922031206667,-0.23235931750201666,1.0534625196654444,1.2743000088251502,2.7962811588840957,4855.677686798045,2249.1423297399847,2.15890191678505,7112.78590749041
balanced_interleaved.csv,197,50432.0,50688.0,3,620.2953923357665,617.1875,57.76691515751877,30.204746641922757,9.75609756097561,96.728108480809,412,255.99609375,1.609399557488365,1.0,0.17662696848723905,0.2193977002011346,-0.25117569213426977,1.0528786368423175,1.2726062933018998,2.7600479522826635,3679.969312955467,1054.0501693401304,3.4912658049846406,4735.281600196557
balanced_interleaved.csv,198,50688.0,50944.0,2,687.0904737903226,687.5,61.16666531875122,42.24622640855796,25.336927223719673,87.32474439503004,373,255.99609375,1.4570534828717479,1.0,0.19883866654043034,0.21520957034704177,-0.2360525048541507,1.0618045194430654,1.2502357517027076,2.754781895008655,4525.707715648162,2059.830636514731,2.197126130382126,6606.501366214313
balanced_interleaved.csv,199,50944.0,51200.0,1,746.3678728070175,742.1875,76.28782748118967,75.23909387960155,33.137829912023456,80.38931227619135,343,255.99609375,1.3398641947051193,1.0,0.21048339885345754,0.2072152729827955,-0.20937001963729374,1.0549410896496423,1.3015123647128637,2.961848400931035,6034.898008079457,3180.1609072907686,1.8976706474958482,9257.5017351619
balanced_interleaved.csv,200,51200.0,51456.0,1,677.1075099469496,671.875,76.9242997521445,66.58689447225164,27.659574468085108,88.6122205389524,378,255.99609375,1.4765850308995194,1.0,0.21016110710247618,0.21301984284349906,-0.2172358094273573,1.0648893820654588,1.2687318253305344,2.7936375803817457,4718.719887698449,3069.4993394587186,1.537293012915441,7840.86475493672
balanced_interleaved.csv,201,51456.0,51712.0,1,659.2276324289405,660.15625,68.20527284812357,61.62419176399063,29.274611398963728,91.0156022722053,389,255.99609375,1.5195544365606164,0.9974226804123711,0.2177144250916805,0.21348168824002822,-0.21925270459440155,1.0622844165937704,1.2068274579535263,2.6267365153346702,4378.386089091734,3255.3125642707296,1.3449971401049166,7658.779545563477
balanced_interleaved.csv,202,51712.0,51968.0,0,681.1458333333334,675.78125,81.44869834054568,81.2499096146916,33.155080213903744,88.08686343477595,376,255.99609375,1.4687724116884109,1.0,0.2216301658703596,0.21109076378283764,-0.20873232721290744,1.0562358041544178,1.1804213877419192,2.5577904762696866,5495.368626359578,4222.8880226263545,1.301329468580563,9724.188021683654
balanced_interleaved.csv,203,51968.0,52224.0,2,681.9644050802139,683.59375,64.22731016724154,44.30972884612616,24.128686327077748,87.98113149753424,375,255.99609375,1.4648661020828564,1.0,0.20058463358256073,0.21224457460022683,-0.2208406827649246,1.0520973740053328,1.2628971224848258,2.7829990924593186,4294.9476134300485,2286.349091312429,1.8785178649007737,6587.685850916685
balanced_interleaved.csv,204,52224.0,52480.0,0,680.6875,679.6875,64.37963091275246,49.405633921498875,33.42245989304813,88.14617574143789,376,255.99609375,1.4687724116884109,1.0,0.23994652410875583,0.20774328335910477,-0.18784874101298282,1.0620098683287678,1.1840512064962785,2.5699802516895565,3861.636279120813,3204.5599227820157,1.2050441783495691,7075.899059851061
balanced_interleaved.csv,205,52480.0,52736.0,1,772.2892992424242,773.4375,91.66699696844445,81.68875935650613,43.161094224924014,77.69109329736523,331,255.99609375,1.292988479438468,1.0,0.2282684646935164,0.20289568820756318,-0.19418530593375227,1.043218504952424,1.199399488001552,2.648212505563068,7389.827569969024,4571.9744679889245,1.6163317668787396,11970.712203322546
balanced_interleaved.csv,206,52736.0,52992.0,3,634.634770471464,613.28125,92.36404474372625,41.21848708656377,14.17910447761194,94.54256651495251,404,255.99609375,1.5781490806439307,1.0,0.1898387136878917,0.21646727426370102,-0.2411207598006576,1.0517454340668428,1.2608134979135952,2.7748553351145953,4944.978679652331,1762.3672674801776,2.8058729703500638,6714.658665411737
balanced_interleaved.csv,207,52992.0,53248.0,2,644.2649147727273,640.625,76.21963497112255,35.438062653203005,14.936708860759493,93.12939231087226,397,255.99609375,1.5508049134050508,1.0,0.18666281876420454,0.21626766984520618,-0.23842347147060275,1.0515218326675866,1.266504751926375,2.7702717474083407,4600.447443036343,1338.821764172712,3.4361911093363973,5944.459167195004
balanced_interleaved.csv,208,53248.0,53504.0,2,685.5311662198392,687.5,65.72554315924268,44.493413083946514,27.419354838709676,87.52337305224565,374,255.99609375,1.4609597924773021,1.0,0.199942578726983,0.21318383346742023,-0.22823675186735826,1.0553556308115524,1.2599221841858645,2.7968531736481346,5133.6110337138325,2198.315936033695,2.3352471542266735,7334.440788838443
balanced_interleaved.csv,209,53504.0,53760.0,3,676.848474801061,675.78125,62.4262140993399,39.673271114547106,21.808510638297875,88.64613312105811,379,255.99609375,1.4804913405050737,0.9973544973544973,0.19925655368098416,0.2129441512163532,-0.22363496505306715,1.0525449875845756,1.2844796819255082,2.863706799927283,4816.387319159463,1659.7532212845308,2.9018695414441926,6486.440149972409
balanced_interleaved.csv,210,53760.0,54016.0,3,671.7105263157895,671.875,62.794121054337346,56.28883723209215,18.46965699208443,89.32419196865818,381,255.99609375,1.4883039597161822,1.0,0.1983611799481903,0.2134403123542221,-0.21982162512566655,1.0541114041077464,1.2897221302369573,2.8550126885637823,4664.883908886352,1945.0286351554907,2.3983625868384344,6619.013470925101
balanced_interleaved.csv,211,54016.0,54272.0,1,654.1266025641025,652.34375,51.41828978112558,35.95279953333568,18.251928020565554,91.72536289581674,391,255.99609375,1.527367055771725,1.0,0.21008755808815552,0.21385134303020453,-0.21777581234562815,1.0650524900415022,1.2564732608970541,2.764653527304322,2901.1588644622548,1774.9987287592971,1.6344568688734387,4676.898662629152
balanced_interleaved.csv,212,54272.0,54528.0,0,657.0734254498715,656.25,62.582599181333656,44.22041700142732,25.773195876288657,91.31399578200936,391,255.99609375,1.527367055771725,0.9974358974358974,0.23001553772880176,0.21006742416620044,-0.19921951441843908,1.0631333821513278,1.2078307542733988,2.6172861279862625,4202.545703407134,2604.858588730381,1.6133488864190022,6808.393787293079
balanced_interleaved.csv,213,54528.0,54784.0,0,649.7827646683673,648.4375,59.278259923703104,41.991287191844606,23.52941176470588,92.33855260938243,393,255.99609375,1.5351796749828337,1.0,0.22811128424789157,0.20935017975940262,-0.19253468424071024,1.0677503860990243,1.2530765452252333,2.757470810442297,4081.2118889347503,2233.4341927146756,1.8273257847701139,6322.509802442843
balanced_interleaved.csv,214,54784.0,55040.0,2,679.6147772606383,675.78125,75.76027138769868,57.34857495595829,33.86666666666667,88.28530810034088,377,255.99609375,1.4726787212939652,1.0,0.22645024171736766,0.21036807827027817,-0.207534132457722,1.05577267406932,1.1754573036780778,2.5441353977999164,5537.097072183532,3463.892600010566,1.5985186931507753,9012.199749058596
balanced_interleaved.csv,215,55040.0,55296.0,2,667.774460078534,667.96875,76.08633716335177,66.79111589442176,24.93438320209974,89.85069598640185,383,255.99609375,1.4961165789272908,1.0,0.20545654912509487,0.2136097785407906,-0.22665257541704117,1.0554166765809543,1.231307296358367,2.6893916800346354,5423.83567683963,2944.2685118273844,1.8421674704775082,8384.110957157438
balanced_interleaved.csv,216,55296.0,55552.0,3,634.911380597015,634.765625,61.28202286225146,58.1363982653318,15.96009975062344,94.50137741046832,403,255.99609375,1.5742427710383764,1.0,0.18846802025229847,0.21773499752698228,-0.2416403369077779,1.0564278779660576,1.2809245508587124,2.793701086574499,4063.058105517198,1954.4968738298023,2.078825584179987,6029.309919640826
balanced_interleaved.csv,217,55552.0,55808.0,2,634.5572270471464,628.90625,63.71842316590483,55.756680892464566,16.169154228855724,94.55411969571992,404,255.99609375,1.5781490806439307,1.0,0.19469705221178452,0.2168720428057836,-0.23348382471894813,1.059097993619675,1.2669672025670657,2.753410587331416,4208.220239902908,2296.7276395025815,1.8322678612490213,6539.881008734968
balanced_interleaved.csv,218,55808.0,56064.0,1,751.5050551470588,750.0,80.00045598178318,74.73879238709684,38.05309734513274,79.83978229961322,341,255.99609375,1.3320515754940108,1.0,0.221179477000095,0.20514182549274876,-0.20006966303148466,1.0407512148938882,1.203458258431355,2.6345480315070278,6660.931594375484,3904.9102724044324,1.7057835211855055,10582.168521039906
balanced_interleaved.csv,219,56064.0,56320.0,1,684.9063340053764,687.5,65.22643280387094,45.76284466922383,27.762803234501348,87.60321962437715,373,255.99609375,1.4570534828717479,1.0,0.21924628497556867,0.20893129905937596,-0.20380298701916227,1.0528790765585077,1.2315273586345354,2.7082018954243203,4778.520571510463,2266.638577543884,2.108196965697301,7046.926371446484
balanced_interleaved.csv,220,56320.0,56576.0,0,727.8534544159544,722.65625,81.16186406456362,65.78954710992143,35.14285714285714,82.43417632488304,352,255.99609375,1.375020981155108,1.0,0.24082188538946495,0.20304628202512526,-0.17973120057474726,1.0582106284466242,1.2227954858574512,2.716121568193463,6669.038509333595,3617.1442495735255,1.843730315737311,10307.463798989065
balanced_interleaved.csv,221,56576.0,56832.0,2,712.7269553072625,708.984375,81.22800582574503,75.49856899185525,38.655462184873954,84.1837109614207,360,255.99609375,1.4062714579995423,0.9972144846796658,0.2290087765538906,0.21004774033261306,-0.20706702426333806,1.0568777825854767,1.1571779723577278,2.4623450253480916,6010.740768192306,4648.603947997899,1.2930206219828781,10684.599048166847
balanced_interleaved.csv,222,56832.0,57088.0,2,688.9146959459459,691.40625,75.89810574430004,72.67496098348255,31.978319783197833,87.09351150887302,371,255.99609375,1.4492408636606393,1.0,0.21832913249235847,0.21205800690032542,-0.21314616183293592,1.0641288600965422,1.2084905912970951,2.6343423995933195,5411.274196231476,3412.599296729191,1.585675236298008,8833.027755605795
balanced_interleaved.csv,223,57088.0,57344.0,0,677.3665450928382,671.875,71.90558084841233,53.19600999168146,32.180851063829785,88.5783338942087,379,255.99609375,1.4804913405050737,0.9973544973544973,0.2301475839312933,0.21065166012004474,-0.1994156132631326,1.0682671341879626,1.2045430204745335,2.6338816374624194,4457.630911772118,3595.6975253484065,1.2397124286309913,8059.064310142316
balanced_interleaved.csv,224,57344.0,57600.0,1,664.3269856770834,660.15625,63.66216622626209,58.50903634621629,20.365535248041773,90.31696934431751,385,255.99609375,1.5039291981383993,1.0,0.21185591942099602,0.21332933024298964,-0.21382029590203794,1.0653131744368531,1.2588529671970017,2.770224362211964,3874.1520222803533,2491.3695022187453,1.5550290789182977,6385.985371928399
